"Marker code","Matrix score","Maf score","Chromosome","Position (bp) "
"JHI-Hv50k-2016-77602",272244,0.23,"-",47923793
"JHI-Hv50k-2016-223932",107241,0.24,"3H",690025689
"BOPA1_6792-1945",43028,0.20,"-",
"JHI-Hv50k-2016-101459",17399,0.43,"2H",616918720
"JHI-Hv50k-2016-499690",7524,0.29,"7H",616320519
"JHI-Hv50k-2016-48279",2933,0.36,"1H",528532202
"JHI-Hv50k-2016-374987",1154,0.48,"6H",13935054
"JHI-Hv50k-2016-400517",571,0.47,"6H",378165094
"SCRI_RS_141787",274,0.34,"5H",662754397
"SCRI_RS_180871",142,0.43,"5H",630425253
"JHI-Hv50k-2016-221810",68,0.46,"3H",686479073
"JHI-Hv50k-2016-158272",30,0.43,"3H",19496713
"SCRI_RS_227472",16,0.44,"3H",596710913
"SCRI_RS_16798",8,0.09,"7H",621686211
"JHI-Hv50k-2016-110895",2,0.14,"2H",677313608
"JHI-Hv50k-2016-160533",1,0.17,"3H",27375415
